geometry,operating_temp_C,ambient_temp_C,insulation_mm,material,lambda_WmK,heat_flux_bare_Wm2,heat_flux_insulated_Wm2,heat_loss_reduction_pct,surface_temp_C,touch_safety_ISO13732_1
flat,50,0,0,none,,500.0,500.0,0.0,50,"short-contact only (~1 s, bare metal)"
flat,50,0,25,mineral wool (lamella),0.0414,500.0,71.0,85.8,7.1,"safe (prolonged contact, <=45C)"
flat,50,0,50,mineral wool (lamella),0.0414,500.0,38.2,92.4,3.8,"safe (prolonged contact, <=45C)"
flat,50,0,75,mineral wool (lamella),0.0414,500.0,26.1,94.8,2.6,"safe (prolonged contact, <=45C)"
flat,50,0,100,mineral wool (lamella),0.0414,500.0,19.9,96.0,2.0,"safe (prolonged contact, <=45C)"
flat,50,0,125,mineral wool (lamella),0.0414,500.0,16.0,96.8,1.6,"safe (prolonged contact, <=45C)"
flat,50,0,150,mineral wool (lamella),0.0414,500.0,13.4,97.3,1.3,"safe (prolonged contact, <=45C)"
flat,50,10,0,none,,400.0,400.0,0.0,50,"short-contact only (~1 s, bare metal)"
flat,50,10,25,mineral wool (lamella),0.0425,400.0,58.1,85.5,15.8,"safe (prolonged contact, <=45C)"
flat,50,10,50,mineral wool (lamella),0.0425,400.0,31.3,92.2,13.1,"safe (prolonged contact, <=45C)"
flat,50,10,75,mineral wool (lamella),0.0425,400.0,21.5,94.6,12.1,"safe (prolonged contact, <=45C)"
flat,50,10,100,mineral wool (lamella),0.0425,400.0,16.3,95.9,11.6,"safe (prolonged contact, <=45C)"
flat,50,10,125,mineral wool (lamella),0.0425,400.0,13.2,96.7,11.3,"safe (prolonged contact, <=45C)"
flat,50,10,150,mineral wool (lamella),0.0425,400.0,11.0,97.2,11.1,"safe (prolonged contact, <=45C)"
flat,50,20,0,none,,300.0,300.0,0.0,50,"short-contact only (~1 s, bare metal)"
flat,50,20,25,mineral wool (lamella),0.0436,300.0,44.6,85.1,24.5,"safe (prolonged contact, <=45C)"
flat,50,20,50,mineral wool (lamella),0.0436,300.0,24.1,92.0,22.4,"safe (prolonged contact, <=45C)"
flat,50,20,75,mineral wool (lamella),0.0436,300.0,16.5,94.5,21.6,"safe (prolonged contact, <=45C)"
flat,50,20,100,mineral wool (lamella),0.0436,300.0,12.5,95.8,21.3,"safe (prolonged contact, <=45C)"
flat,50,20,125,mineral wool (lamella),0.0436,300.0,10.1,96.6,21.0,"safe (prolonged contact, <=45C)"
flat,50,20,150,mineral wool (lamella),0.0436,300.0,8.5,97.2,20.8,"safe (prolonged contact, <=45C)"
flat,50,30,0,none,,200.0,200.0,0.0,50,"short-contact only (~1 s, bare metal)"
flat,50,30,25,mineral wool (lamella),0.0447,200.0,30.4,84.8,33.0,"safe (prolonged contact, <=45C)"
flat,50,30,50,mineral wool (lamella),0.0447,200.0,16.4,91.8,31.6,"safe (prolonged contact, <=45C)"
flat,50,30,75,mineral wool (lamella),0.0447,200.0,11.3,94.4,31.1,"safe (prolonged contact, <=45C)"
flat,50,30,100,mineral wool (lamella),0.0447,200.0,8.6,95.7,30.9,"safe (prolonged contact, <=45C)"
flat,50,30,125,mineral wool (lamella),0.0447,200.0,6.9,96.5,30.7,"safe (prolonged contact, <=45C)"
flat,50,30,150,mineral wool (lamella),0.0447,200.0,5.8,97.1,30.6,"safe (prolonged contact, <=45C)"
flat,100,0,0,none,,1000.0,1000.0,0.0,100,burn risk (>60C)
flat,100,0,25,mineral wool (lamella),0.047,1000.0,158.2,84.2,15.8,"safe (prolonged contact, <=45C)"
flat,100,0,50,mineral wool (lamella),0.047,1000.0,85.9,91.4,8.6,"safe (prolonged contact, <=45C)"
flat,100,0,75,mineral wool (lamella),0.047,1000.0,59.0,94.1,5.9,"safe (prolonged contact, <=45C)"
flat,100,0,100,mineral wool (lamella),0.047,1000.0,44.9,95.5,4.5,"safe (prolonged contact, <=45C)"
flat,100,0,125,mineral wool (lamella),0.047,1000.0,36.2,96.4,3.6,"safe (prolonged contact, <=45C)"
flat,100,0,150,mineral wool (lamella),0.047,1000.0,30.4,97.0,3.0,"safe (prolonged contact, <=45C)"
flat,100,10,0,none,,900.0,900.0,0.0,100,burn risk (>60C)
flat,100,10,25,mineral wool (lamella),0.0482,900.0,145.5,83.8,24.5,"safe (prolonged contact, <=45C)"
flat,100,10,50,mineral wool (lamella),0.0482,900.0,79.1,91.2,17.9,"safe (prolonged contact, <=45C)"
flat,100,10,75,mineral wool (lamella),0.0482,900.0,54.3,94.0,15.4,"safe (prolonged contact, <=45C)"
flat,100,10,100,mineral wool (lamella),0.0482,900.0,41.4,95.4,14.1,"safe (prolonged contact, <=45C)"
flat,100,10,125,mineral wool (lamella),0.0482,900.0,33.4,96.3,13.3,"safe (prolonged contact, <=45C)"
flat,100,10,150,mineral wool (lamella),0.0482,900.0,28.0,96.9,12.8,"safe (prolonged contact, <=45C)"
flat,100,20,0,none,,800.0,800.0,0.0,100,burn risk (>60C)
flat,100,20,25,mineral wool (lamella),0.0494,800.0,132.0,83.5,33.2,"safe (prolonged contact, <=45C)"
flat,100,20,50,mineral wool (lamella),0.0494,800.0,71.9,91.0,27.2,"safe (prolonged contact, <=45C)"
flat,100,20,75,mineral wool (lamella),0.0494,800.0,49.4,93.8,24.9,"safe (prolonged contact, <=45C)"
flat,100,20,100,mineral wool (lamella),0.0494,800.0,37.7,95.3,23.8,"safe (prolonged contact, <=45C)"
flat,100,20,125,mineral wool (lamella),0.0494,800.0,30.4,96.2,23.0,"safe (prolonged contact, <=45C)"
flat,100,20,150,mineral wool (lamella),0.0494,800.0,25.5,96.8,22.6,"safe (prolonged contact, <=45C)"
flat,100,30,0,none,,700.0,700.0,0.0,100,burn risk (>60C)
flat,100,30,25,mineral wool (lamella),0.0506,700.0,117.8,83.2,41.8,"safe (prolonged contact, <=45C)"
flat,100,30,50,mineral wool (lamella),0.0506,700.0,64.3,90.8,36.4,"safe (prolonged contact, <=45C)"
flat,100,30,75,mineral wool (lamella),0.0506,700.0,44.2,93.7,34.4,"safe (prolonged contact, <=45C)"
flat,100,30,100,mineral wool (lamella),0.0506,700.0,33.7,95.2,33.4,"safe (prolonged contact, <=45C)"
flat,100,30,125,mineral wool (lamella),0.0506,700.0,27.2,96.1,32.7,"safe (prolonged contact, <=45C)"
flat,100,30,150,mineral wool (lamella),0.0506,700.0,22.8,96.7,32.3,"safe (prolonged contact, <=45C)"
flat,150,0,0,none,,1500.0,1500.0,0.0,150,burn risk (>60C)
flat,150,0,25,mineral wool (lamella),0.053,1500.0,262.4,82.5,26.2,"safe (prolonged contact, <=45C)"
flat,150,0,50,mineral wool (lamella),0.053,1500.0,143.8,90.4,14.4,"safe (prolonged contact, <=45C)"
flat,150,0,75,mineral wool (lamella),0.053,1500.0,99.0,93.4,9.9,"safe (prolonged contact, <=45C)"
flat,150,0,100,mineral wool (lamella),0.053,1500.0,75.5,95.0,7.5,"safe (prolonged contact, <=45C)"
flat,150,0,125,mineral wool (lamella),0.053,1500.0,61.0,95.9,6.1,"safe (prolonged contact, <=45C)"
flat,150,0,150,mineral wool (lamella),0.053,1500.0,51.2,96.6,5.1,"safe (prolonged contact, <=45C)"
flat,150,10,0,none,,1400.0,1400.0,0.0,150,burn risk (>60C)
flat,150,10,25,mineral wool (lamella),0.0542,1400.0,249.4,82.2,34.9,"safe (prolonged contact, <=45C)"
flat,150,10,50,mineral wool (lamella),0.0542,1400.0,136.9,90.2,23.7,"safe (prolonged contact, <=45C)"
flat,150,10,75,mineral wool (lamella),0.0542,1400.0,94.4,93.3,19.4,"safe (prolonged contact, <=45C)"
flat,150,10,100,mineral wool (lamella),0.0542,1400.0,72.0,94.9,17.2,"safe (prolonged contact, <=45C)"
flat,150,10,125,mineral wool (lamella),0.0542,1400.0,58.2,95.8,15.8,"safe (prolonged contact, <=45C)"
flat,150,10,150,mineral wool (lamella),0.0542,1400.0,48.8,96.5,14.9,"safe (prolonged contact, <=45C)"
flat,150,20,0,none,,1300.0,1300.0,0.0,150,burn risk (>60C)
flat,150,20,25,mineral wool (lamella),0.0554,1300.0,235.8,81.9,43.6,"safe (prolonged contact, <=45C)"
flat,150,20,50,mineral wool (lamella),0.0554,1300.0,129.7,90.0,33.0,"safe (prolonged contact, <=45C)"
flat,150,20,75,mineral wool (lamella),0.0554,1300.0,89.4,93.1,28.9,"safe (prolonged contact, <=45C)"
flat,150,20,100,mineral wool (lamella),0.0554,1300.0,68.2,94.8,26.8,"safe (prolonged contact, <=45C)"
flat,150,20,125,mineral wool (lamella),0.0554,1300.0,55.2,95.8,25.5,"safe (prolonged contact, <=45C)"
flat,150,20,150,mineral wool (lamella),0.0554,1300.0,46.3,96.4,24.6,"safe (prolonged contact, <=45C)"
flat,150,30,0,none,,1200.0,1200.0,0.0,150,burn risk (>60C)
flat,150,30,25,mineral wool (lamella),0.0566,1200.0,221.5,81.5,52.2,caution (brief touch)
flat,150,30,50,mineral wool (lamella),0.0566,1200.0,122.0,89.8,42.2,"safe (prolonged contact, <=45C)"
flat,150,30,75,mineral wool (lamella),0.0566,1200.0,84.2,93.0,38.4,"safe (prolonged contact, <=45C)"
flat,150,30,100,mineral wool (lamella),0.0566,1200.0,64.3,94.6,36.4,"safe (prolonged contact, <=45C)"
flat,150,30,125,mineral wool (lamella),0.0566,1200.0,52.0,95.7,35.2,"safe (prolonged contact, <=45C)"
flat,150,30,150,mineral wool (lamella),0.0566,1200.0,43.6,96.4,34.4,"safe (prolonged contact, <=45C)"
flat,200,0,0,none,,2000.0,2000.0,0.0,200,burn risk (>60C)
flat,200,0,25,mineral wool (lamella),0.059,2000.0,381.9,80.9,38.2,"safe (prolonged contact, <=45C)"
flat,200,0,50,mineral wool (lamella),0.059,2000.0,211.1,89.4,21.1,"safe (prolonged contact, <=45C)"
flat,200,0,75,mineral wool (lamella),0.059,2000.0,145.9,92.7,14.6,"safe (prolonged contact, <=45C)"
flat,200,0,100,mineral wool (lamella),0.059,2000.0,111.4,94.4,11.1,"safe (prolonged contact, <=45C)"
flat,200,0,125,mineral wool (lamella),0.059,2000.0,90.1,95.5,9.0,"safe (prolonged contact, <=45C)"
flat,200,0,150,mineral wool (lamella),0.059,2000.0,75.7,96.2,7.6,"safe (prolonged contact, <=45C)"
flat,200,10,0,none,,1900.0,1900.0,0.0,200,burn risk (>60C)
flat,200,10,25,mineral wool (lamella),0.0605,1900.0,370.2,80.5,47.0,"short-contact only (~1 s, bare metal)"
flat,200,10,50,mineral wool (lamella),0.0605,1900.0,205.1,89.2,30.5,"safe (prolonged contact, <=45C)"
flat,200,10,75,mineral wool (lamella),0.0605,1900.0,141.8,92.5,24.2,"safe (prolonged contact, <=45C)"
flat,200,10,100,mineral wool (lamella),0.0605,1900.0,108.4,94.3,20.8,"safe (prolonged contact, <=45C)"
flat,200,10,125,mineral wool (lamella),0.0605,1900.0,87.7,95.4,18.8,"safe (prolonged contact, <=45C)"
flat,200,10,150,mineral wool (lamella),0.0605,1900.0,73.7,96.1,17.4,"safe (prolonged contact, <=45C)"
flat,200,20,0,none,,1800.0,1800.0,0.0,200,burn risk (>60C)
flat,200,20,25,mineral wool (lamella),0.062,1800.0,357.7,80.1,55.8,caution (brief touch)
flat,200,20,50,mineral wool (lamella),0.062,1800.0,198.6,89.0,39.9,"safe (prolonged contact, <=45C)"
flat,200,20,75,mineral wool (lamella),0.062,1800.0,137.4,92.4,33.7,"safe (prolonged contact, <=45C)"
flat,200,20,100,mineral wool (lamella),0.062,1800.0,105.1,94.2,30.5,"safe (prolonged contact, <=45C)"
flat,200,20,125,mineral wool (lamella),0.062,1800.0,85.1,95.3,28.5,"safe (prolonged contact, <=45C)"
flat,200,20,150,mineral wool (lamella),0.062,1800.0,71.4,96.0,27.1,"safe (prolonged contact, <=45C)"
flat,200,30,0,none,,1700.0,1700.0,0.0,200,burn risk (>60C)
flat,200,30,25,mineral wool (lamella),0.0635,1700.0,344.3,79.7,64.4,burn risk (>60C)
flat,200,30,50,mineral wool (lamella),0.0635,1700.0,191.6,88.7,49.2,"short-contact only (~1 s, bare metal)"
flat,200,30,75,mineral wool (lamella),0.0635,1700.0,132.7,92.2,43.3,"safe (prolonged contact, <=45C)"
flat,200,30,100,mineral wool (lamella),0.0635,1700.0,101.5,94.0,40.2,"safe (prolonged contact, <=45C)"
flat,200,30,125,mineral wool (lamella),0.0635,1700.0,82.2,95.2,38.2,"safe (prolonged contact, <=45C)"
flat,200,30,150,mineral wool (lamella),0.0635,1700.0,69.0,95.9,36.9,"safe (prolonged contact, <=45C)"
flat,250,0,0,none,,2500.0,2500.0,0.0,250,burn risk (>60C)
flat,250,0,25,mineral wool (lamella),0.0665,2500.0,525.3,79.0,52.5,caution (brief touch)
flat,250,0,50,mineral wool (lamella),0.0665,2500.0,293.5,88.3,29.3,"safe (prolonged contact, <=45C)"
flat,250,0,75,mineral wool (lamella),0.0665,2500.0,203.6,91.9,20.4,"safe (prolonged contact, <=45C)"
flat,250,0,100,mineral wool (lamella),0.0665,2500.0,155.9,93.8,15.6,"safe (prolonged contact, <=45C)"
flat,250,0,125,mineral wool (lamella),0.0665,2500.0,126.3,94.9,12.6,"safe (prolonged contact, <=45C)"
flat,250,0,150,mineral wool (lamella),0.0665,2500.0,106.1,95.8,10.6,"safe (prolonged contact, <=45C)"
flat,250,10,0,none,,2400.0,2400.0,0.0,250,burn risk (>60C)
flat,250,10,25,mineral wool (lamella),0.068,2400.0,513.2,78.6,61.3,burn risk (>60C)
flat,250,10,50,mineral wool (lamella),0.068,2400.0,287.3,88.0,38.7,"safe (prolonged contact, <=45C)"
flat,250,10,75,mineral wool (lamella),0.068,2400.0,199.5,91.7,30.0,"safe (prolonged contact, <=45C)"
flat,250,10,100,mineral wool (lamella),0.068,2400.0,152.8,93.6,25.3,"safe (prolonged contact, <=45C)"
flat,250,10,125,mineral wool (lamella),0.068,2400.0,123.8,94.8,22.4,"safe (prolonged contact, <=45C)"
flat,250,10,150,mineral wool (lamella),0.068,2400.0,104.1,95.7,20.4,"safe (prolonged contact, <=45C)"
flat,250,20,0,none,,2300.0,2300.0,0.0,250,burn risk (>60C)
flat,250,20,25,mineral wool (lamella),0.0695,2300.0,500.3,78.2,70.0,burn risk (>60C)
flat,250,20,50,mineral wool (lamella),0.0695,2300.0,280.7,87.8,48.1,"short-contact only (~1 s, bare metal)"
flat,250,20,75,mineral wool (lamella),0.0695,2300.0,195.1,91.5,39.5,"safe (prolonged contact, <=45C)"
flat,250,20,100,mineral wool (lamella),0.0695,2300.0,149.5,93.5,34.9,"safe (prolonged contact, <=45C)"
flat,250,20,125,mineral wool (lamella),0.0695,2300.0,121.1,94.7,32.1,"safe (prolonged contact, <=45C)"
flat,250,20,150,mineral wool (lamella),0.0695,2300.0,101.8,95.6,30.2,"safe (prolonged contact, <=45C)"
flat,250,30,0,none,,2200.0,2200.0,0.0,250,burn risk (>60C)
flat,250,30,25,mineral wool (lamella),0.071,2200.0,486.6,77.9,78.7,burn risk (>60C)
flat,250,30,50,mineral wool (lamella),0.071,2200.0,273.6,87.6,57.4,caution (brief touch)
flat,250,30,75,mineral wool (lamella),0.071,2200.0,190.3,91.4,49.0,"short-contact only (~1 s, bare metal)"
flat,250,30,100,mineral wool (lamella),0.071,2200.0,145.8,93.4,44.6,"safe (prolonged contact, <=45C)"
flat,250,30,125,mineral wool (lamella),0.071,2200.0,118.2,94.6,41.8,"safe (prolonged contact, <=45C)"
flat,250,30,150,mineral wool (lamella),0.071,2200.0,99.4,95.5,39.9,"safe (prolonged contact, <=45C)"
flat,300,0,0,none,,3000.0,3000.0,0.0,300,burn risk (>60C)
flat,300,0,25,mineral wool (wired),0.055,3000.0,541.0,82.0,54.1,caution (brief touch)
flat,300,0,50,mineral wool (wired),0.055,3000.0,297.3,90.1,29.7,"safe (prolonged contact, <=45C)"
flat,300,0,75,mineral wool (wired),0.055,3000.0,205.0,93.2,20.5,"safe (prolonged contact, <=45C)"
flat,300,0,100,mineral wool (wired),0.055,3000.0,156.4,94.8,15.6,"safe (prolonged contact, <=45C)"
flat,300,0,125,mineral wool (wired),0.055,3000.0,126.4,95.8,12.6,"safe (prolonged contact, <=45C)"
flat,300,0,150,mineral wool (wired),0.055,3000.0,106.1,96.5,10.6,"safe (prolonged contact, <=45C)"
flat,300,10,0,none,,2900.0,2900.0,0.0,300,burn risk (>60C)
flat,300,10,25,mineral wool (wired),0.0559,2900.0,529.9,81.7,63.0,burn risk (>60C)
flat,300,10,50,mineral wool (wired),0.0559,2900.0,291.6,89.9,39.2,"safe (prolonged contact, <=45C)"
flat,300,10,75,mineral wool (wired),0.0559,2900.0,201.2,93.1,30.1,"safe (prolonged contact, <=45C)"
flat,300,10,100,mineral wool (wired),0.0559,2900.0,153.5,94.7,25.4,"safe (prolonged contact, <=45C)"
flat,300,10,125,mineral wool (wired),0.0559,2900.0,124.1,95.7,22.4,"safe (prolonged contact, <=45C)"
flat,300,10,150,mineral wool (wired),0.0559,2900.0,104.2,96.4,20.4,"safe (prolonged contact, <=45C)"
flat,300,20,0,none,,2800.0,2800.0,0.0,300,burn risk (>60C)
flat,300,20,25,mineral wool (wired),0.0568,2800.0,518.4,81.5,71.8,burn risk (>60C)
flat,300,20,50,mineral wool (wired),0.0568,2800.0,285.6,89.8,48.6,"short-contact only (~1 s, bare metal)"
flat,300,20,75,mineral wool (wired),0.0568,2800.0,197.1,93.0,39.7,"safe (prolonged contact, <=45C)"
flat,300,20,100,mineral wool (wired),0.0568,2800.0,150.5,94.6,35.0,"safe (prolonged contact, <=45C)"
flat,300,20,125,mineral wool (wired),0.0568,2800.0,121.7,95.7,32.2,"safe (prolonged contact, <=45C)"
flat,300,20,150,mineral wool (wired),0.0568,2800.0,102.2,96.4,30.2,"safe (prolonged contact, <=45C)"
flat,300,30,0,none,,2700.0,2700.0,0.0,300,burn risk (>60C)
flat,300,30,25,mineral wool (wired),0.0577,2700.0,506.3,81.2,80.6,burn risk (>60C)
flat,300,30,50,mineral wool (wired),0.0577,2700.0,279.3,89.7,57.9,caution (brief touch)
flat,300,30,75,mineral wool (wired),0.0577,2700.0,192.9,92.9,49.3,"short-contact only (~1 s, bare metal)"
flat,300,30,100,mineral wool (wired),0.0577,2700.0,147.3,94.5,44.7,"safe (prolonged contact, <=45C)"
flat,300,30,125,mineral wool (wired),0.0577,2700.0,119.1,95.6,41.9,"safe (prolonged contact, <=45C)"
flat,300,30,150,mineral wool (wired),0.0577,2700.0,100.0,96.3,40.0,"safe (prolonged contact, <=45C)"
flat,350,0,0,none,,3500.0,3500.0,0.0,350,burn risk (>60C)
flat,350,0,25,mineral wool (wired),0.0595,3500.0,672.9,80.8,67.3,burn risk (>60C)
flat,350,0,50,mineral wool (wired),0.0595,3500.0,372.2,89.4,37.2,"safe (prolonged contact, <=45C)"
flat,350,0,75,mineral wool (wired),0.0595,3500.0,257.3,92.6,25.7,"safe (prolonged contact, <=45C)"
flat,350,0,100,mineral wool (wired),0.0595,3500.0,196.6,94.4,19.7,"safe (prolonged contact, <=45C)"
flat,350,0,125,mineral wool (wired),0.0595,3500.0,159.0,95.5,15.9,"safe (prolonged contact, <=45C)"
flat,350,0,150,mineral wool (wired),0.0595,3500.0,133.5,96.2,13.4,"safe (prolonged contact, <=45C)"
flat,350,10,0,none,,3400.0,3400.0,0.0,350,burn risk (>60C)
flat,350,10,25,mineral wool (wired),0.0604,3400.0,661.6,80.5,76.2,burn risk (>60C)
flat,350,10,50,mineral wool (wired),0.0604,3400.0,366.5,89.2,46.6,"short-contact only (~1 s, bare metal)"
flat,350,10,75,mineral wool (wired),0.0604,3400.0,253.4,92.5,35.3,"safe (prolonged contact, <=45C)"
flat,350,10,100,mineral wool (wired),0.0604,3400.0,193.7,94.3,29.4,"safe (prolonged contact, <=45C)"
flat,350,10,125,mineral wool (wired),0.0604,3400.0,156.7,95.4,25.7,"safe (prolonged contact, <=45C)"
flat,350,10,150,mineral wool (wired),0.0604,3400.0,131.6,96.1,23.2,"safe (prolonged contact, <=45C)"
flat,350,20,0,none,,3300.0,3300.0,0.0,350,burn risk (>60C)
flat,350,20,25,mineral wool (wired),0.0613,3300.0,649.8,80.3,85.0,burn risk (>60C)
flat,350,20,50,mineral wool (wired),0.0613,3300.0,360.4,89.1,56.0,caution (brief touch)
flat,350,20,75,mineral wool (wired),0.0613,3300.0,249.3,92.4,44.9,"safe (prolonged contact, <=45C)"
flat,350,20,100,mineral wool (wired),0.0613,3300.0,190.6,94.2,39.1,"safe (prolonged contact, <=45C)"
flat,350,20,125,mineral wool (wired),0.0613,3300.0,154.3,95.3,35.4,"safe (prolonged contact, <=45C)"
flat,350,20,150,mineral wool (wired),0.0613,3300.0,129.6,96.1,33.0,"safe (prolonged contact, <=45C)"
flat,350,30,0,none,,3200.0,3200.0,0.0,350,burn risk (>60C)
flat,350,30,25,mineral wool (wired),0.0622,3200.0,637.5,80.1,93.8,burn risk (>60C)
flat,350,30,50,mineral wool (wired),0.0622,3200.0,354.0,88.9,65.4,burn risk (>60C)
flat,350,30,75,mineral wool (wired),0.0622,3200.0,245.1,92.3,54.5,caution (brief touch)
flat,350,30,100,mineral wool (wired),0.0622,3200.0,187.4,94.1,48.7,"short-contact only (~1 s, bare metal)"
flat,350,30,125,mineral wool (wired),0.0622,3200.0,151.7,95.3,45.2,"short-contact only (~1 s, bare metal)"
flat,350,30,150,mineral wool (wired),0.0622,3200.0,127.4,96.0,42.7,"safe (prolonged contact, <=45C)"
flat,400,0,0,none,,4000.0,4000.0,0.0,400,burn risk (>60C)
flat,400,0,25,mineral wool (wired),0.064,4000.0,815.3,79.6,81.5,burn risk (>60C)
flat,400,0,50,mineral wool (wired),0.064,4000.0,453.9,88.7,45.4,"short-contact only (~1 s, bare metal)"
flat,400,0,75,mineral wool (wired),0.064,4000.0,314.5,92.1,31.4,"safe (prolonged contact, <=45C)"
flat,400,0,100,mineral wool (wired),0.064,4000.0,240.6,94.0,24.1,"safe (prolonged contact, <=45C)"
flat,400,0,125,mineral wool (wired),0.064,4000.0,194.8,95.1,19.5,"safe (prolonged contact, <=45C)"
flat,400,0,150,mineral wool (wired),0.064,4000.0,163.7,95.9,16.4,"safe (prolonged contact, <=45C)"
flat,400,10,0,none,,3900.0,3900.0,0.0,400,burn risk (>60C)
flat,400,10,25,mineral wool (wired),0.0653,3900.0,807.2,79.3,90.7,burn risk (>60C)
flat,400,10,50,mineral wool (wired),0.0653,3900.0,450.2,88.5,55.0,caution (brief touch)
flat,400,10,75,mineral wool (wired),0.0653,3900.0,312.1,92.0,41.2,"safe (prolonged contact, <=45C)"
flat,400,10,100,mineral wool (wired),0.0653,3900.0,238.9,93.9,33.9,"safe (prolonged contact, <=45C)"
flat,400,10,125,mineral wool (wired),0.0653,3900.0,193.5,95.0,29.3,"safe (prolonged contact, <=45C)"
flat,400,10,150,mineral wool (wired),0.0653,3900.0,162.6,95.8,26.3,"safe (prolonged contact, <=45C)"
flat,400,20,0,none,,3800.0,3800.0,0.0,400,burn risk (>60C)
flat,400,20,25,mineral wool (wired),0.0665,3800.0,798.4,79.0,99.8,burn risk (>60C)
flat,400,20,50,mineral wool (wired),0.0665,3800.0,446.1,88.3,64.6,burn risk (>60C)
flat,400,20,75,mineral wool (wired),0.0665,3800.0,309.5,91.9,50.9,"short-contact only (~1 s, bare metal)"
flat,400,20,100,mineral wool (wired),0.0665,3800.0,236.9,93.8,43.7,"safe (prolonged contact, <=45C)"
flat,400,20,125,mineral wool (wired),0.0665,3800.0,191.9,94.9,39.2,"safe (prolonged contact, <=45C)"
flat,400,20,150,mineral wool (wired),0.0665,3800.0,161.3,95.8,36.1,"safe (prolonged contact, <=45C)"
flat,400,30,0,none,,3700.0,3700.0,0.0,400,burn risk (>60C)
flat,400,30,25,mineral wool (wired),0.0678,3700.0,788.9,78.7,108.9,burn risk (>60C)
flat,400,30,50,mineral wool (wired),0.0678,3700.0,441.5,88.1,74.2,burn risk (>60C)
flat,400,30,75,mineral wool (wired),0.0678,3700.0,306.5,91.7,60.7,burn risk (>60C)
flat,400,30,100,mineral wool (wired),0.0678,3700.0,234.8,93.7,53.5,caution (brief touch)
flat,400,30,125,mineral wool (wired),0.0678,3700.0,190.2,94.9,49.0,"short-contact only (~1 s, bare metal)"
flat,400,30,150,mineral wool (wired),0.0678,3700.0,159.9,95.7,46.0,"short-contact only (~1 s, bare metal)"
flat,450,0,0,none,,4500.0,4500.0,0.0,450,burn risk (>60C)
flat,450,0,25,mineral wool (wired),0.0703,4500.0,987.1,78.1,98.7,burn risk (>60C)
flat,450,0,50,mineral wool (wired),0.0703,4500.0,554.4,87.7,55.4,caution (brief touch)
flat,450,0,75,mineral wool (wired),0.0703,4500.0,385.4,91.4,38.5,"safe (prolonged contact, <=45C)"
flat,450,0,100,mineral wool (wired),0.0703,4500.0,295.4,93.4,29.5,"safe (prolonged contact, <=45C)"
flat,450,0,125,mineral wool (wired),0.0703,4500.0,239.4,94.7,23.9,"safe (prolonged contact, <=45C)"
flat,450,0,150,mineral wool (wired),0.0703,4500.0,201.3,95.5,20.1,"safe (prolonged contact, <=45C)"
flat,450,10,0,none,,4400.0,4400.0,0.0,450,burn risk (>60C)
flat,450,10,25,mineral wool (wired),0.0715,4400.0,978.5,77.8,107.9,burn risk (>60C)
flat,450,10,50,mineral wool (wired),0.0715,4400.0,550.5,87.5,65.0,burn risk (>60C)
flat,450,10,75,mineral wool (wired),0.0715,4400.0,383.0,91.3,48.3,"short-contact only (~1 s, bare metal)"
flat,450,10,100,mineral wool (wired),0.0715,4400.0,293.6,93.3,39.4,"safe (prolonged contact, <=45C)"
flat,450,10,125,mineral wool (wired),0.0715,4400.0,238.1,94.6,33.8,"safe (prolonged contact, <=45C)"
flat,450,10,150,mineral wool (wired),0.0715,4400.0,200.2,95.5,30.0,"safe (prolonged contact, <=45C)"
flat,450,20,0,none,,4300.0,4300.0,0.0,450,burn risk (>60C)
flat,450,20,25,mineral wool (wired),0.0727,4300.0,969.2,77.5,116.9,burn risk (>60C)
flat,450,20,50,mineral wool (wired),0.0727,4300.0,546.2,87.3,74.6,burn risk (>60C)
flat,450,20,75,mineral wool (wired),0.0727,4300.0,380.2,91.2,58.0,caution (brief touch)
flat,450,20,100,mineral wool (wired),0.0727,4300.0,291.6,93.2,49.2,"short-contact only (~1 s, bare metal)"
flat,450,20,125,mineral wool (wired),0.0727,4300.0,236.5,94.5,43.6,"safe (prolonged contact, <=45C)"
flat,450,20,150,mineral wool (wired),0.0727,4300.0,198.9,95.4,39.9,"safe (prolonged contact, <=45C)"
flat,450,30,0,none,,4200.0,4200.0,0.0,450,burn risk (>60C)
flat,450,30,25,mineral wool (wired),0.074,4200.0,959.3,77.2,125.9,burn risk (>60C)
flat,450,30,50,mineral wool (wired),0.074,4200.0,541.5,87.1,84.1,burn risk (>60C)
flat,450,30,75,mineral wool (wired),0.074,4200.0,377.2,91.0,67.7,burn risk (>60C)
flat,450,30,100,mineral wool (wired),0.074,4200.0,289.4,93.1,58.9,caution (brief touch)
flat,450,30,125,mineral wool (wired),0.074,4200.0,234.7,94.4,53.5,caution (brief touch)
flat,450,30,150,mineral wool (wired),0.074,4200.0,197.5,95.3,49.7,"short-contact only (~1 s, bare metal)"
flat,500,0,0,none,,5000.0,5000.0,0.0,500,burn risk (>60C)
flat,500,0,25,mineral wool (wired),0.0765,5000.0,1171.5,76.6,117.2,burn risk (>60C)
flat,500,0,50,mineral wool (wired),0.0765,5000.0,663.5,86.7,66.3,burn risk (>60C)
flat,500,0,75,mineral wool (wired),0.0765,5000.0,462.8,90.7,46.3,"short-contact only (~1 s, bare metal)"
flat,500,0,100,mineral wool (wired),0.0765,5000.0,355.3,92.9,35.5,"safe (prolonged contact, <=45C)"
flat,500,0,125,mineral wool (wired),0.0765,5000.0,288.4,94.2,28.8,"safe (prolonged contact, <=45C)"
flat,500,0,150,mineral wool (wired),0.0765,5000.0,242.6,95.1,24.3,"safe (prolonged contact, <=45C)"
flat,500,10,0,none,,4900.0,4900.0,0.0,500,burn risk (>60C)
flat,500,10,25,mineral wool (wired),0.0777,4900.0,1162.4,76.3,126.2,burn risk (>60C)
flat,500,10,50,mineral wool (wired),0.0777,4900.0,659.4,86.5,75.9,burn risk (>60C)
flat,500,10,75,mineral wool (wired),0.0777,4900.0,460.3,90.6,56.0,caution (brief touch)
flat,500,10,100,mineral wool (wired),0.0777,4900.0,353.5,92.8,45.3,"short-contact only (~1 s, bare metal)"
flat,500,10,125,mineral wool (wired),0.0777,4900.0,286.9,94.1,38.7,"safe (prolonged contact, <=45C)"
flat,500,10,150,mineral wool (wired),0.0777,4900.0,241.5,95.1,34.1,"safe (prolonged contact, <=45C)"
flat,500,20,0,none,,4800.0,4800.0,0.0,500,burn risk (>60C)
flat,500,20,25,mineral wool (wired),0.079,4800.0,1152.6,76.0,135.3,burn risk (>60C)
flat,500,20,50,mineral wool (wired),0.079,4800.0,654.9,86.4,85.5,burn risk (>60C)
flat,500,20,75,mineral wool (wired),0.079,4800.0,457.4,90.5,65.7,burn risk (>60C)
flat,500,20,100,mineral wool (wired),0.079,4800.0,351.4,92.7,55.1,caution (brief touch)
flat,500,20,125,mineral wool (wired),0.079,4800.0,285.3,94.1,48.5,"short-contact only (~1 s, bare metal)"
flat,500,20,150,mineral wool (wired),0.079,4800.0,240.2,95.0,44.0,"safe (prolonged contact, <=45C)"
flat,500,30,0,none,,4700.0,4700.0,0.0,500,burn risk (>60C)
flat,500,30,25,mineral wool (wired),0.0803,4700.0,1142.1,75.7,144.2,burn risk (>60C)
flat,500,30,50,mineral wool (wired),0.0803,4700.0,650.0,86.2,95.0,burn risk (>60C)
flat,500,30,75,mineral wool (wired),0.0803,4700.0,454.3,90.3,75.4,burn risk (>60C)
flat,500,30,100,mineral wool (wired),0.0803,4700.0,349.2,92.6,64.9,burn risk (>60C)
flat,500,30,125,mineral wool (wired),0.0803,4700.0,283.5,94.0,58.4,caution (brief touch)
flat,500,30,150,mineral wool (wired),0.0803,4700.0,238.7,94.9,53.9,caution (brief touch)
flat,550,0,0,none,,5500.0,5500.0,0.0,550,burn risk (>60C)
flat,550,0,25,mineral wool (wired),0.0827,5500.0,1367.8,75.1,136.8,burn risk (>60C)
flat,550,0,50,mineral wool (wired),0.0827,5500.0,781.0,85.8,78.1,burn risk (>60C)
flat,550,0,75,mineral wool (wired),0.0827,5500.0,546.5,90.1,54.7,caution (brief touch)
flat,550,0,100,mineral wool (wired),0.0827,5500.0,420.3,92.4,42.0,"safe (prolonged contact, <=45C)"
flat,550,0,125,mineral wool (wired),0.0827,5500.0,341.5,93.8,34.1,"safe (prolonged contact, <=45C)"
flat,550,0,150,mineral wool (wired),0.0827,5500.0,287.6,94.8,28.8,"safe (prolonged contact, <=45C)"
flat,550,10,0,none,,5400.0,5400.0,0.0,550,burn risk (>60C)
flat,550,10,25,mineral wool (wired),0.084,5400.0,1358.1,74.9,145.8,burn risk (>60C)
flat,550,10,50,mineral wool (wired),0.084,5400.0,776.7,85.6,87.7,burn risk (>60C)
flat,550,10,75,mineral wool (wired),0.084,5400.0,543.9,89.9,64.4,burn risk (>60C)
flat,550,10,100,mineral wool (wired),0.084,5400.0,418.5,92.3,51.8,caution (brief touch)
flat,550,10,125,mineral wool (wired),0.084,5400.0,340.0,93.7,44.0,"safe (prolonged contact, <=45C)"
flat,550,10,150,mineral wool (wired),0.084,5400.0,286.4,94.7,38.6,"safe (prolonged contact, <=45C)"
flat,550,20,0,none,,5300.0,5300.0,0.0,550,burn risk (>60C)
flat,550,20,25,mineral wool (wired),0.0852,5300.0,1347.7,74.6,154.8,burn risk (>60C)
flat,550,20,50,mineral wool (wired),0.0852,5300.0,772.0,85.4,97.2,burn risk (>60C)
flat,550,20,75,mineral wool (wired),0.0852,5300.0,540.9,89.8,74.1,burn risk (>60C)
flat,550,20,100,mineral wool (wired),0.0852,5300.0,416.3,92.1,61.6,burn risk (>60C)
flat,550,20,125,mineral wool (wired),0.0852,5300.0,338.4,93.6,53.8,caution (brief touch)
flat,550,20,150,mineral wool (wired),0.0852,5300.0,285.0,94.6,48.5,"short-contact only (~1 s, bare metal)"
flat,550,30,0,none,,5200.0,5200.0,0.0,550,burn risk (>60C)
flat,550,30,25,mineral wool (wired),0.0865,5200.0,1336.7,74.3,163.7,burn risk (>60C)
flat,550,30,50,mineral wool (wired),0.0865,5200.0,766.9,85.3,106.7,burn risk (>60C)
flat,550,30,75,mineral wool (wired),0.0865,5200.0,537.7,89.7,83.8,burn risk (>60C)
flat,550,30,100,mineral wool (wired),0.0865,5200.0,414.0,92.0,71.4,burn risk (>60C)
flat,550,30,125,mineral wool (wired),0.0865,5200.0,336.6,93.5,63.7,burn risk (>60C)
flat,550,30,150,mineral wool (wired),0.0865,5200.0,283.5,94.5,58.4,caution (brief touch)
flat,600,0,0,none,,6000.0,6000.0,0.0,600,burn risk (>60C)
flat,600,0,25,mineral wool (wired),0.089,6000.0,1575.2,73.7,157.5,burn risk (>60C)
flat,600,0,50,mineral wool (wired),0.089,6000.0,906.6,84.9,90.7,burn risk (>60C)
flat,600,0,75,mineral wool (wired),0.089,6000.0,636.5,89.4,63.6,burn risk (>60C)
flat,600,0,100,mineral wool (wired),0.089,6000.0,490.4,91.8,49.0,"short-contact only (~1 s, bare metal)"
flat,600,0,125,mineral wool (wired),0.089,6000.0,398.8,93.4,39.9,"safe (prolonged contact, <=45C)"
flat,600,0,150,mineral wool (wired),0.089,6000.0,336.1,94.4,33.6,"safe (prolonged contact, <=45C)"
flat,600,10,0,none,,5900.0,5900.0,0.0,600,burn risk (>60C)
flat,600,10,25,mineral wool (wired),0.0906,5900.0,1569.4,73.4,166.9,burn risk (>60C)
flat,600,10,50,mineral wool (wired),0.0906,5900.0,905.1,84.7,100.5,burn risk (>60C)
flat,600,10,75,mineral wool (wired),0.0906,5900.0,635.9,89.2,73.6,burn risk (>60C)
flat,600,10,100,mineral wool (wired),0.0906,5900.0,490.1,91.7,59.0,caution (brief touch)
flat,600,10,125,mineral wool (wired),0.0906,5900.0,398.7,93.2,49.9,"short-contact only (~1 s, bare metal)"
flat,600,10,150,mineral wool (wired),0.0906,5900.0,336.1,94.3,43.6,"safe (prolonged contact, <=45C)"
flat,600,20,0,none,,5800.0,5800.0,0.0,600,burn risk (>60C)
flat,600,20,25,mineral wool (wired),0.0922,5800.0,1562.7,73.1,176.3,burn risk (>60C)
flat,600,20,50,mineral wool (wired),0.0922,5800.0,903.0,84.4,110.3,burn risk (>60C)
flat,600,20,75,mineral wool (wired),0.0922,5800.0,635.0,89.1,83.5,burn risk (>60C)
flat,600,20,100,mineral wool (wired),0.0922,5800.0,489.6,91.6,69.0,burn risk (>60C)
flat,600,20,125,mineral wool (wired),0.0922,5800.0,398.4,93.1,59.8,caution (brief touch)
flat,600,20,150,mineral wool (wired),0.0922,5800.0,335.9,94.2,53.6,caution (brief touch)
flat,600,30,0,none,,5700.0,5700.0,0.0,600,burn risk (>60C)
flat,600,30,25,mineral wool (wired),0.0938,5700.0,1555.1,72.7,185.5,burn risk (>60C)
flat,600,30,50,mineral wool (wired),0.0938,5700.0,900.4,84.2,120.0,burn risk (>60C)
flat,600,30,75,mineral wool (wired),0.0938,5700.0,633.6,88.9,93.4,burn risk (>60C)
flat,600,30,100,mineral wool (wired),0.0938,5700.0,488.8,91.4,78.9,burn risk (>60C)
flat,600,30,125,mineral wool (wired),0.0938,5700.0,397.9,93.0,69.8,burn risk (>60C)
flat,600,30,150,mineral wool (wired),0.0938,5700.0,335.5,94.1,63.5,burn risk (>60C)
cylindrical,50,0,0,none,,500.0,500.0,0.0,50,"short-contact only (~1 s, bare metal)"
cylindrical,50,0,25,mineral wool (lamella),0.0414,500.0,60.9,87.8,6.1,"safe (prolonged contact, <=45C)"
cylindrical,50,0,50,mineral wool (lamella),0.0414,500.0,28.9,94.2,2.9,"safe (prolonged contact, <=45C)"
cylindrical,50,0,75,mineral wool (lamella),0.0414,500.0,18.0,96.4,1.8,"safe (prolonged contact, <=45C)"
cylindrical,50,0,100,mineral wool (lamella),0.0414,500.0,12.7,97.5,1.3,"safe (prolonged contact, <=45C)"
cylindrical,50,0,125,mineral wool (lamella),0.0414,500.0,9.6,98.1,1.0,"safe (prolonged contact, <=45C)"
cylindrical,50,0,150,mineral wool (lamella),0.0414,500.0,7.6,98.5,0.8,"safe (prolonged contact, <=45C)"
cylindrical,50,10,0,none,,400.0,400.0,0.0,50,"short-contact only (~1 s, bare metal)"
cylindrical,50,10,25,mineral wool (lamella),0.0425,400.0,49.9,87.5,15.0,"safe (prolonged contact, <=45C)"
cylindrical,50,10,50,mineral wool (lamella),0.0425,400.0,23.7,94.1,12.4,"safe (prolonged contact, <=45C)"
cylindrical,50,10,75,mineral wool (lamella),0.0425,400.0,14.8,96.3,11.5,"safe (prolonged contact, <=45C)"
cylindrical,50,10,100,mineral wool (lamella),0.0425,400.0,10.4,97.4,11.0,"safe (prolonged contact, <=45C)"
cylindrical,50,10,125,mineral wool (lamella),0.0425,400.0,7.9,98.0,10.8,"safe (prolonged contact, <=45C)"
cylindrical,50,10,150,mineral wool (lamella),0.0425,400.0,6.3,98.4,10.6,"safe (prolonged contact, <=45C)"
cylindrical,50,20,0,none,,300.0,300.0,0.0,50,"short-contact only (~1 s, bare metal)"
cylindrical,50,20,25,mineral wool (lamella),0.0436,300.0,38.3,87.2,23.8,"safe (prolonged contact, <=45C)"
cylindrical,50,20,50,mineral wool (lamella),0.0436,300.0,18.2,93.9,21.8,"safe (prolonged contact, <=45C)"
cylindrical,50,20,75,mineral wool (lamella),0.0436,300.0,11.4,96.2,21.1,"safe (prolonged contact, <=45C)"
cylindrical,50,20,100,mineral wool (lamella),0.0436,300.0,8.0,97.3,20.8,"safe (prolonged contact, <=45C)"
cylindrical,50,20,125,mineral wool (lamella),0.0436,300.0,6.1,98.0,20.6,"safe (prolonged contact, <=45C)"
cylindrical,50,20,150,mineral wool (lamella),0.0436,300.0,4.8,98.4,20.5,"safe (prolonged contact, <=45C)"
cylindrical,50,30,0,none,,200.0,200.0,0.0,50,"short-contact only (~1 s, bare metal)"
cylindrical,50,30,25,mineral wool (lamella),0.0447,200.0,26.1,87.0,32.6,"safe (prolonged contact, <=45C)"
cylindrical,50,30,50,mineral wool (lamella),0.0447,200.0,12.5,93.8,31.2,"safe (prolonged contact, <=45C)"
cylindrical,50,30,75,mineral wool (lamella),0.0447,200.0,7.8,96.1,30.8,"safe (prolonged contact, <=45C)"
cylindrical,50,30,100,mineral wool (lamella),0.0447,200.0,5.5,97.3,30.5,"safe (prolonged contact, <=45C)"
cylindrical,50,30,125,mineral wool (lamella),0.0447,200.0,4.1,97.9,30.4,"safe (prolonged contact, <=45C)"
cylindrical,50,30,150,mineral wool (lamella),0.0447,200.0,3.3,98.4,30.3,"safe (prolonged contact, <=45C)"
cylindrical,100,0,0,none,,1000.0,1000.0,0.0,100,burn risk (>60C)
cylindrical,100,0,25,mineral wool (lamella),0.047,1000.0,136.1,86.4,13.6,"safe (prolonged contact, <=45C)"
cylindrical,100,0,50,mineral wool (lamella),0.047,1000.0,65.2,93.5,6.5,"safe (prolonged contact, <=45C)"
cylindrical,100,0,75,mineral wool (lamella),0.047,1000.0,40.7,95.9,4.1,"safe (prolonged contact, <=45C)"
cylindrical,100,0,100,mineral wool (lamella),0.047,1000.0,28.7,97.1,2.9,"safe (prolonged contact, <=45C)"
cylindrical,100,0,125,mineral wool (lamella),0.047,1000.0,21.8,97.8,2.2,"safe (prolonged contact, <=45C)"
cylindrical,100,0,150,mineral wool (lamella),0.047,1000.0,17.3,98.3,1.7,"safe (prolonged contact, <=45C)"
cylindrical,100,10,0,none,,900.0,900.0,0.0,100,burn risk (>60C)
cylindrical,100,10,25,mineral wool (lamella),0.0482,900.0,125.2,86.1,22.5,"safe (prolonged contact, <=45C)"
cylindrical,100,10,50,mineral wool (lamella),0.0482,900.0,60.1,93.3,16.0,"safe (prolonged contact, <=45C)"
cylindrical,100,10,75,mineral wool (lamella),0.0482,900.0,37.5,95.8,13.8,"safe (prolonged contact, <=45C)"
cylindrical,100,10,100,mineral wool (lamella),0.0482,900.0,26.5,97.1,12.6,"safe (prolonged contact, <=45C)"
cylindrical,100,10,125,mineral wool (lamella),0.0482,900.0,20.1,97.8,12.0,"safe (prolonged contact, <=45C)"
cylindrical,100,10,150,mineral wool (lamella),0.0482,900.0,16.0,98.2,11.6,"safe (prolonged contact, <=45C)"
cylindrical,100,20,0,none,,800.0,800.0,0.0,100,burn risk (>60C)
cylindrical,100,20,25,mineral wool (lamella),0.0494,800.0,113.7,85.8,31.4,"safe (prolonged contact, <=45C)"
cylindrical,100,20,50,mineral wool (lamella),0.0494,800.0,54.6,93.2,25.5,"safe (prolonged contact, <=45C)"
cylindrical,100,20,75,mineral wool (lamella),0.0494,800.0,34.1,95.7,23.4,"safe (prolonged contact, <=45C)"
cylindrical,100,20,100,mineral wool (lamella),0.0494,800.0,24.1,97.0,22.4,"safe (prolonged contact, <=45C)"
cylindrical,100,20,125,mineral wool (lamella),0.0494,800.0,18.3,97.7,21.8,"safe (prolonged contact, <=45C)"
cylindrical,100,20,150,mineral wool (lamella),0.0494,800.0,14.5,98.2,21.5,"safe (prolonged contact, <=45C)"
cylindrical,100,30,0,none,,700.0,700.0,0.0,100,burn risk (>60C)
cylindrical,100,30,25,mineral wool (lamella),0.0506,700.0,101.5,85.5,40.2,"safe (prolonged contact, <=45C)"
cylindrical,100,30,50,mineral wool (lamella),0.0506,700.0,48.9,93.0,34.9,"safe (prolonged contact, <=45C)"
cylindrical,100,30,75,mineral wool (lamella),0.0506,700.0,30.6,95.6,33.1,"safe (prolonged contact, <=45C)"
cylindrical,100,30,100,mineral wool (lamella),0.0506,700.0,21.6,96.9,32.2,"safe (prolonged contact, <=45C)"
cylindrical,100,30,125,mineral wool (lamella),0.0506,700.0,16.4,97.7,31.6,"safe (prolonged contact, <=45C)"
cylindrical,100,30,150,mineral wool (lamella),0.0506,700.0,13.0,98.1,31.3,"safe (prolonged contact, <=45C)"
cylindrical,150,0,0,none,,1500.0,1500.0,0.0,150,burn risk (>60C)
cylindrical,150,0,25,mineral wool (lamella),0.053,1500.0,226.4,84.9,22.6,"safe (prolonged contact, <=45C)"
cylindrical,150,0,50,mineral wool (lamella),0.053,1500.0,109.4,92.7,10.9,"safe (prolonged contact, <=45C)"
cylindrical,150,0,75,mineral wool (lamella),0.053,1500.0,68.4,95.4,6.8,"safe (prolonged contact, <=45C)"
cylindrical,150,0,100,mineral wool (lamella),0.053,1500.0,48.4,96.8,4.8,"safe (prolonged contact, <=45C)"
cylindrical,150,0,125,mineral wool (lamella),0.053,1500.0,36.7,97.6,3.7,"safe (prolonged contact, <=45C)"
cylindrical,150,0,150,mineral wool (lamella),0.053,1500.0,29.2,98.1,2.9,"safe (prolonged contact, <=45C)"
cylindrical,150,10,0,none,,1400.0,1400.0,0.0,150,burn risk (>60C)
cylindrical,150,10,25,mineral wool (lamella),0.0542,1400.0,215.3,84.6,31.5,"safe (prolonged contact, <=45C)"
cylindrical,150,10,50,mineral wool (lamella),0.0542,1400.0,104.2,92.6,20.4,"safe (prolonged contact, <=45C)"
cylindrical,150,10,75,mineral wool (lamella),0.0542,1400.0,65.3,95.3,16.5,"safe (prolonged contact, <=45C)"
cylindrical,150,10,100,mineral wool (lamella),0.0542,1400.0,46.1,96.7,14.6,"safe (prolonged contact, <=45C)"
cylindrical,150,10,125,mineral wool (lamella),0.0542,1400.0,35.0,97.5,13.5,"safe (prolonged contact, <=45C)"
cylindrical,150,10,150,mineral wool (lamella),0.0542,1400.0,27.9,98.0,12.8,"safe (prolonged contact, <=45C)"
cylindrical,150,20,0,none,,1300.0,1300.0,0.0,150,burn risk (>60C)
cylindrical,150,20,25,mineral wool (lamella),0.0554,1300.0,203.7,84.3,40.4,"safe (prolonged contact, <=45C)"
cylindrical,150,20,50,mineral wool (lamella),0.0554,1300.0,98.8,92.4,29.9,"safe (prolonged contact, <=45C)"
cylindrical,150,20,75,mineral wool (lamella),0.0554,1300.0,61.9,95.2,26.2,"safe (prolonged contact, <=45C)"
cylindrical,150,20,100,mineral wool (lamella),0.0554,1300.0,43.8,96.6,24.4,"safe (prolonged contact, <=45C)"
cylindrical,150,20,125,mineral wool (lamella),0.0554,1300.0,33.2,97.4,23.3,"safe (prolonged contact, <=45C)"
cylindrical,150,20,150,mineral wool (lamella),0.0554,1300.0,26.4,98.0,22.6,"safe (prolonged contact, <=45C)"
cylindrical,150,30,0,none,,1200.0,1200.0,0.0,150,burn risk (>60C)
cylindrical,150,30,25,mineral wool (lamella),0.0566,1200.0,191.4,84.0,49.1,"short-contact only (~1 s, bare metal)"
cylindrical,150,30,50,mineral wool (lamella),0.0566,1200.0,93.0,92.3,39.3,"safe (prolonged contact, <=45C)"
cylindrical,150,30,75,mineral wool (lamella),0.0566,1200.0,58.3,95.1,35.8,"safe (prolonged contact, <=45C)"
cylindrical,150,30,100,mineral wool (lamella),0.0566,1200.0,41.2,96.6,34.1,"safe (prolonged contact, <=45C)"
cylindrical,150,30,125,mineral wool (lamella),0.0566,1200.0,31.3,97.4,33.1,"safe (prolonged contact, <=45C)"
cylindrical,150,30,150,mineral wool (lamella),0.0566,1200.0,24.9,97.9,32.5,"safe (prolonged contact, <=45C)"
cylindrical,200,0,0,none,,2000.0,2000.0,0.0,200,burn risk (>60C)
cylindrical,200,0,25,mineral wool (lamella),0.059,2000.0,330.3,83.5,33.0,"safe (prolonged contact, <=45C)"
cylindrical,200,0,50,mineral wool (lamella),0.059,2000.0,161.0,91.9,16.1,"safe (prolonged contact, <=45C)"
cylindrical,200,0,75,mineral wool (lamella),0.059,2000.0,101.1,94.9,10.1,"safe (prolonged contact, <=45C)"
cylindrical,200,0,100,mineral wool (lamella),0.059,2000.0,71.5,96.4,7.2,"safe (prolonged contact, <=45C)"
cylindrical,200,0,125,mineral wool (lamella),0.059,2000.0,54.3,97.3,5.4,"safe (prolonged contact, <=45C)"
cylindrical,200,0,150,mineral wool (lamella),0.059,2000.0,43.2,97.8,4.3,"safe (prolonged contact, <=45C)"
cylindrical,200,10,0,none,,1900.0,1900.0,0.0,200,burn risk (>60C)
cylindrical,200,10,25,mineral wool (lamella),0.0605,1900.0,320.5,83.1,42.0,"safe (prolonged contact, <=45C)"
cylindrical,200,10,50,mineral wool (lamella),0.0605,1900.0,156.5,91.8,25.7,"safe (prolonged contact, <=45C)"
cylindrical,200,10,75,mineral wool (lamella),0.0605,1900.0,98.3,94.8,19.8,"safe (prolonged contact, <=45C)"
cylindrical,200,10,100,mineral wool (lamella),0.0605,1900.0,69.6,96.3,17.0,"safe (prolonged contact, <=45C)"
cylindrical,200,10,125,mineral wool (lamella),0.0605,1900.0,52.9,97.2,15.3,"safe (prolonged contact, <=45C)"
cylindrical,200,10,150,mineral wool (lamella),0.0605,1900.0,42.1,97.8,14.2,"safe (prolonged contact, <=45C)"
cylindrical,200,20,0,none,,1800.0,1800.0,0.0,200,burn risk (>60C)
cylindrical,200,20,25,mineral wool (lamella),0.062,1800.0,309.8,82.8,51.0,"short-contact only (~1 s, bare metal)"
cylindrical,200,20,50,mineral wool (lamella),0.062,1800.0,151.7,91.6,35.2,"safe (prolonged contact, <=45C)"
cylindrical,200,20,75,mineral wool (lamella),0.062,1800.0,95.3,94.7,29.5,"safe (prolonged contact, <=45C)"
cylindrical,200,20,100,mineral wool (lamella),0.062,1800.0,67.5,96.2,26.8,"safe (prolonged contact, <=45C)"
cylindrical,200,20,125,mineral wool (lamella),0.062,1800.0,51.3,97.1,25.1,"safe (prolonged contact, <=45C)"
cylindrical,200,20,150,mineral wool (lamella),0.062,1800.0,40.9,97.7,24.1,"safe (prolonged contact, <=45C)"
cylindrical,200,30,0,none,,1700.0,1700.0,0.0,200,burn risk (>60C)
cylindrical,200,30,25,mineral wool (lamella),0.0635,1700.0,298.4,82.4,59.8,caution (brief touch)
cylindrical,200,30,50,mineral wool (lamella),0.0635,1700.0,146.4,91.4,44.6,"safe (prolonged contact, <=45C)"
cylindrical,200,30,75,mineral wool (lamella),0.0635,1700.0,92.1,94.6,39.2,"safe (prolonged contact, <=45C)"
cylindrical,200,30,100,mineral wool (lamella),0.0635,1700.0,65.3,96.2,36.5,"safe (prolonged contact, <=45C)"
cylindrical,200,30,125,mineral wool (lamella),0.0635,1700.0,49.6,97.1,35.0,"safe (prolonged contact, <=45C)"
cylindrical,200,30,150,mineral wool (lamella),0.0635,1700.0,39.5,97.7,33.9,"safe (prolonged contact, <=45C)"
cylindrical,250,0,0,none,,2500.0,2500.0,0.0,250,burn risk (>60C)
cylindrical,250,0,25,mineral wool (lamella),0.0665,2500.0,455.8,81.8,45.6,"short-contact only (~1 s, bare metal)"
cylindrical,250,0,50,mineral wool (lamella),0.0665,2500.0,224.6,91.0,22.5,"safe (prolonged contact, <=45C)"
cylindrical,250,0,75,mineral wool (lamella),0.0665,2500.0,141.5,94.3,14.1,"safe (prolonged contact, <=45C)"
cylindrical,250,0,100,mineral wool (lamella),0.0665,2500.0,100.3,96.0,10.0,"safe (prolonged contact, <=45C)"
cylindrical,250,0,125,mineral wool (lamella),0.0665,2500.0,76.3,96.9,7.6,"safe (prolonged contact, <=45C)"
cylindrical,250,0,150,mineral wool (lamella),0.0665,2500.0,60.8,97.6,6.1,"safe (prolonged contact, <=45C)"
cylindrical,250,10,0,none,,2400.0,2400.0,0.0,250,burn risk (>60C)
cylindrical,250,10,25,mineral wool (lamella),0.068,2400.0,445.6,81.4,54.6,caution (brief touch)
cylindrical,250,10,50,mineral wool (lamella),0.068,2400.0,220.0,90.8,32.0,"safe (prolonged contact, <=45C)"
cylindrical,250,10,75,mineral wool (lamella),0.068,2400.0,138.7,94.2,23.9,"safe (prolonged contact, <=45C)"
cylindrical,250,10,100,mineral wool (lamella),0.068,2400.0,98.4,95.9,19.8,"safe (prolonged contact, <=45C)"
cylindrical,250,10,125,mineral wool (lamella),0.068,2400.0,74.8,96.9,17.5,"safe (prolonged contact, <=45C)"
cylindrical,250,10,150,mineral wool (lamella),0.068,2400.0,59.6,97.5,16.0,"safe (prolonged contact, <=45C)"
cylindrical,250,20,0,none,,2300.0,2300.0,0.0,250,burn risk (>60C)
cylindrical,250,20,25,mineral wool (lamella),0.0695,2300.0,434.7,81.1,63.5,burn risk (>60C)
cylindrical,250,20,50,mineral wool (lamella),0.0695,2300.0,215.0,90.7,41.5,"safe (prolonged contact, <=45C)"
cylindrical,250,20,75,mineral wool (lamella),0.0695,2300.0,135.7,94.1,33.6,"safe (prolonged contact, <=45C)"
cylindrical,250,20,100,mineral wool (lamella),0.0695,2300.0,96.3,95.8,29.6,"safe (prolonged contact, <=45C)"
cylindrical,250,20,125,mineral wool (lamella),0.0695,2300.0,73.2,96.8,27.3,"safe (prolonged contact, <=45C)"
cylindrical,250,20,150,mineral wool (lamella),0.0695,2300.0,58.4,97.5,25.8,"safe (prolonged contact, <=45C)"
cylindrical,250,30,0,none,,2200.0,2200.0,0.0,250,burn risk (>60C)
cylindrical,250,30,25,mineral wool (lamella),0.071,2200.0,423.1,80.8,72.3,burn risk (>60C)
cylindrical,250,30,50,mineral wool (lamella),0.071,2200.0,209.7,90.5,51.0,"short-contact only (~1 s, bare metal)"
cylindrical,250,30,75,mineral wool (lamella),0.071,2200.0,132.4,94.0,43.2,"safe (prolonged contact, <=45C)"
cylindrical,250,30,100,mineral wool (lamella),0.071,2200.0,94.0,95.7,39.4,"safe (prolonged contact, <=45C)"
cylindrical,250,30,125,mineral wool (lamella),0.071,2200.0,71.5,96.7,37.2,"safe (prolonged contact, <=45C)"
cylindrical,250,30,150,mineral wool (lamella),0.071,2200.0,57.0,97.4,35.7,"safe (prolonged contact, <=45C)"
cylindrical,300,0,0,none,,3000.0,3000.0,0.0,300,burn risk (>60C)
cylindrical,300,0,25,mineral wool (wired),0.055,3000.0,467.1,84.4,46.7,"short-contact only (~1 s, bare metal)"
cylindrical,300,0,50,mineral wool (wired),0.055,3000.0,226.4,92.5,22.6,"safe (prolonged contact, <=45C)"
cylindrical,300,0,75,mineral wool (wired),0.055,3000.0,141.8,95.3,14.2,"safe (prolonged contact, <=45C)"
cylindrical,300,0,100,mineral wool (wired),0.055,3000.0,100.3,96.7,10.0,"safe (prolonged contact, <=45C)"
cylindrical,300,0,125,mineral wool (wired),0.055,3000.0,76.1,97.5,7.6,"safe (prolonged contact, <=45C)"
cylindrical,300,0,150,mineral wool (wired),0.055,3000.0,60.6,98.0,6.1,"safe (prolonged contact, <=45C)"
cylindrical,300,10,0,none,,2900.0,2900.0,0.0,300,burn risk (>60C)
cylindrical,300,10,25,mineral wool (wired),0.0559,2900.0,457.8,84.2,55.8,caution (brief touch)
cylindrical,300,10,50,mineral wool (wired),0.0559,2900.0,222.1,92.3,32.2,"safe (prolonged contact, <=45C)"
cylindrical,300,10,75,mineral wool (wired),0.0559,2900.0,139.2,95.2,23.9,"safe (prolonged contact, <=45C)"
cylindrical,300,10,100,mineral wool (wired),0.0559,2900.0,98.5,96.6,19.8,"safe (prolonged contact, <=45C)"
cylindrical,300,10,125,mineral wool (wired),0.0559,2900.0,74.7,97.4,17.5,"safe (prolonged contact, <=45C)"
cylindrical,300,10,150,mineral wool (wired),0.0559,2900.0,59.5,97.9,15.9,"safe (prolonged contact, <=45C)"
cylindrical,300,20,0,none,,2800.0,2800.0,0.0,300,burn risk (>60C)
cylindrical,300,20,25,mineral wool (wired),0.0568,2800.0,448.0,84.0,64.8,burn risk (>60C)
cylindrical,300,20,50,mineral wool (wired),0.0568,2800.0,217.7,92.2,41.8,"safe (prolonged contact, <=45C)"
cylindrical,300,20,75,mineral wool (wired),0.0568,2800.0,136.5,95.1,33.6,"safe (prolonged contact, <=45C)"
cylindrical,300,20,100,mineral wool (wired),0.0568,2800.0,96.5,96.6,29.7,"safe (prolonged contact, <=45C)"
cylindrical,300,20,125,mineral wool (wired),0.0568,2800.0,73.3,97.4,27.3,"safe (prolonged contact, <=45C)"
cylindrical,300,20,150,mineral wool (wired),0.0568,2800.0,58.3,97.9,25.8,"safe (prolonged contact, <=45C)"
cylindrical,300,30,0,none,,2700.0,2700.0,0.0,300,burn risk (>60C)
cylindrical,300,30,25,mineral wool (wired),0.0577,2700.0,437.7,83.8,73.8,burn risk (>60C)
cylindrical,300,30,50,mineral wool (wired),0.0577,2700.0,213.0,92.1,51.3,caution (brief touch)
cylindrical,300,30,75,mineral wool (wired),0.0577,2700.0,133.6,95.1,43.4,"safe (prolonged contact, <=45C)"
cylindrical,300,30,100,mineral wool (wired),0.0577,2700.0,94.5,96.5,39.5,"safe (prolonged contact, <=45C)"
cylindrical,300,30,125,mineral wool (wired),0.0577,2700.0,71.8,97.3,37.2,"safe (prolonged contact, <=45C)"
cylindrical,300,30,150,mineral wool (wired),0.0577,2700.0,57.1,97.9,35.7,"safe (prolonged contact, <=45C)"
cylindrical,350,0,0,none,,3500.0,3500.0,0.0,350,burn risk (>60C)
cylindrical,350,0,25,mineral wool (wired),0.0595,3500.0,582.2,83.4,58.2,caution (brief touch)
cylindrical,350,0,50,mineral wool (wired),0.0595,3500.0,284.0,91.9,28.4,"safe (prolonged contact, <=45C)"
cylindrical,350,0,75,mineral wool (wired),0.0595,3500.0,178.3,94.9,17.8,"safe (prolonged contact, <=45C)"
cylindrical,350,0,100,mineral wool (wired),0.0595,3500.0,126.2,96.4,12.6,"safe (prolonged contact, <=45C)"
cylindrical,350,0,125,mineral wool (wired),0.0595,3500.0,95.9,97.3,9.6,"safe (prolonged contact, <=45C)"
cylindrical,350,0,150,mineral wool (wired),0.0595,3500.0,76.3,97.8,7.6,"safe (prolonged contact, <=45C)"
cylindrical,350,10,0,none,,3400.0,3400.0,0.0,350,burn risk (>60C)
cylindrical,350,10,25,mineral wool (wired),0.0604,3400.0,572.7,83.2,67.3,burn risk (>60C)
cylindrical,350,10,50,mineral wool (wired),0.0604,3400.0,279.7,91.8,38.0,"safe (prolonged contact, <=45C)"
cylindrical,350,10,75,mineral wool (wired),0.0604,3400.0,175.7,94.8,27.6,"safe (prolonged contact, <=45C)"
cylindrical,350,10,100,mineral wool (wired),0.0604,3400.0,124.4,96.3,22.4,"safe (prolonged contact, <=45C)"
cylindrical,350,10,125,mineral wool (wired),0.0604,3400.0,94.5,97.2,19.4,"safe (prolonged contact, <=45C)"
cylindrical,350,10,150,mineral wool (wired),0.0604,3400.0,75.2,97.8,17.5,"safe (prolonged contact, <=45C)"
cylindrical,350,20,0,none,,3300.0,3300.0,0.0,350,burn risk (>60C)
cylindrical,350,20,25,mineral wool (wired),0.0613,3300.0,562.7,82.9,76.3,burn risk (>60C)
cylindrical,350,20,50,mineral wool (wired),0.0613,3300.0,275.2,91.7,47.5,"short-contact only (~1 s, bare metal)"
cylindrical,350,20,75,mineral wool (wired),0.0613,3300.0,172.9,94.8,37.3,"safe (prolonged contact, <=45C)"
cylindrical,350,20,100,mineral wool (wired),0.0613,3300.0,122.5,96.3,32.2,"safe (prolonged contact, <=45C)"
cylindrical,350,20,125,mineral wool (wired),0.0613,3300.0,93.0,97.2,29.3,"safe (prolonged contact, <=45C)"
cylindrical,350,20,150,mineral wool (wired),0.0613,3300.0,74.1,97.8,27.4,"safe (prolonged contact, <=45C)"
cylindrical,350,30,0,none,,3200.0,3200.0,0.0,350,burn risk (>60C)
cylindrical,350,30,25,mineral wool (wired),0.0622,3200.0,552.3,82.7,85.2,burn risk (>60C)
cylindrical,350,30,50,mineral wool (wired),0.0622,3200.0,270.4,91.5,57.0,caution (brief touch)
cylindrical,350,30,75,mineral wool (wired),0.0622,3200.0,170.0,94.7,47.0,"short-contact only (~1 s, bare metal)"
cylindrical,350,30,100,mineral wool (wired),0.0622,3200.0,120.4,96.2,42.0,"safe (prolonged contact, <=45C)"
cylindrical,350,30,125,mineral wool (wired),0.0622,3200.0,91.5,97.1,39.2,"safe (prolonged contact, <=45C)"
cylindrical,350,30,150,mineral wool (wired),0.0622,3200.0,72.9,97.7,37.3,"safe (prolonged contact, <=45C)"
cylindrical,400,0,0,none,,4000.0,4000.0,0.0,400,burn risk (>60C)
cylindrical,400,0,25,mineral wool (wired),0.064,4000.0,706.8,82.3,70.7,burn risk (>60C)
cylindrical,400,0,50,mineral wool (wired),0.064,4000.0,346.9,91.3,34.7,"safe (prolonged contact, <=45C)"
cylindrical,400,0,75,mineral wool (wired),0.064,4000.0,218.3,94.5,21.8,"safe (prolonged contact, <=45C)"
cylindrical,400,0,100,mineral wool (wired),0.064,4000.0,154.7,96.1,15.5,"safe (prolonged contact, <=45C)"
cylindrical,400,0,125,mineral wool (wired),0.064,4000.0,117.6,97.1,11.8,"safe (prolonged contact, <=45C)"
cylindrical,400,0,150,mineral wool (wired),0.064,4000.0,93.6,97.7,9.4,"safe (prolonged contact, <=45C)"
cylindrical,400,10,0,none,,3900.0,3900.0,0.0,400,burn risk (>60C)
cylindrical,400,10,25,mineral wool (wired),0.0653,3900.0,700.2,82.0,80.0,burn risk (>60C)
cylindrical,400,10,50,mineral wool (wired),0.0653,3900.0,344.3,91.2,44.4,"safe (prolonged contact, <=45C)"
cylindrical,400,10,75,mineral wool (wired),0.0653,3900.0,216.8,94.4,31.7,"safe (prolonged contact, <=45C)"
cylindrical,400,10,100,mineral wool (wired),0.0653,3900.0,153.7,96.1,25.4,"safe (prolonged contact, <=45C)"
cylindrical,400,10,125,mineral wool (wired),0.0653,3900.0,116.8,97.0,21.7,"safe (prolonged contact, <=45C)"
cylindrical,400,10,150,mineral wool (wired),0.0653,3900.0,93.0,97.6,19.3,"safe (prolonged contact, <=45C)"
cylindrical,400,20,0,none,,3800.0,3800.0,0.0,400,burn risk (>60C)
cylindrical,400,20,25,mineral wool (wired),0.0665,3800.0,692.9,81.8,89.3,burn risk (>60C)
cylindrical,400,20,50,mineral wool (wired),0.0665,3800.0,341.3,91.0,54.1,caution (brief touch)
cylindrical,400,20,75,mineral wool (wired),0.0665,3800.0,215.1,94.3,41.5,"safe (prolonged contact, <=45C)"
cylindrical,400,20,100,mineral wool (wired),0.0665,3800.0,152.5,96.0,35.2,"safe (prolonged contact, <=45C)"
cylindrical,400,20,125,mineral wool (wired),0.0665,3800.0,115.9,96.9,31.6,"safe (prolonged contact, <=45C)"
cylindrical,400,20,150,mineral wool (wired),0.0665,3800.0,92.4,97.6,29.2,"safe (prolonged contact, <=45C)"
cylindrical,400,30,0,none,,3700.0,3700.0,0.0,400,burn risk (>60C)
cylindrical,400,30,25,mineral wool (wired),0.0678,3700.0,685.0,81.5,98.5,burn risk (>60C)
cylindrical,400,30,50,mineral wool (wired),0.0678,3700.0,338.0,90.9,63.8,burn risk (>60C)
cylindrical,400,30,75,mineral wool (wired),0.0678,3700.0,213.1,94.2,51.3,caution (brief touch)
cylindrical,400,30,100,mineral wool (wired),0.0678,3700.0,151.1,95.9,45.1,"short-contact only (~1 s, bare metal)"
cylindrical,400,30,125,mineral wool (wired),0.0678,3700.0,115.0,96.9,41.5,"safe (prolonged contact, <=45C)"
cylindrical,400,30,150,mineral wool (wired),0.0678,3700.0,91.6,97.5,39.2,"safe (prolonged contact, <=45C)"
cylindrical,450,0,0,none,,4500.0,4500.0,0.0,450,burn risk (>60C)
cylindrical,450,0,25,mineral wool (wired),0.0703,4500.0,858.0,80.9,85.8,burn risk (>60C)
cylindrical,450,0,50,mineral wool (wired),0.0703,4500.0,424.8,90.6,42.5,"safe (prolonged contact, <=45C)"
cylindrical,450,0,75,mineral wool (wired),0.0703,4500.0,268.2,94.0,26.8,"safe (prolonged contact, <=45C)"
cylindrical,450,0,100,mineral wool (wired),0.0703,4500.0,190.3,95.8,19.0,"safe (prolonged contact, <=45C)"
cylindrical,450,0,125,mineral wool (wired),0.0703,4500.0,144.8,96.8,14.5,"safe (prolonged contact, <=45C)"
cylindrical,450,0,150,mineral wool (wired),0.0703,4500.0,115.4,97.4,11.5,"safe (prolonged contact, <=45C)"
cylindrical,450,10,0,none,,4400.0,4400.0,0.0,450,burn risk (>60C)
cylindrical,450,10,25,mineral wool (wired),0.0715,4400.0,850.9,80.7,95.1,burn risk (>60C)
cylindrical,450,10,50,mineral wool (wired),0.0715,4400.0,422.1,90.4,52.2,caution (brief touch)
cylindrical,450,10,75,mineral wool (wired),0.0715,4400.0,266.6,93.9,36.7,"safe (prolonged contact, <=45C)"
cylindrical,450,10,100,mineral wool (wired),0.0715,4400.0,189.3,95.7,28.9,"safe (prolonged contact, <=45C)"
cylindrical,450,10,125,mineral wool (wired),0.0715,4400.0,144.0,96.7,24.4,"safe (prolonged contact, <=45C)"
cylindrical,450,10,150,mineral wool (wired),0.0715,4400.0,114.8,97.4,21.5,"safe (prolonged contact, <=45C)"
cylindrical,450,20,0,none,,4300.0,4300.0,0.0,450,burn risk (>60C)
cylindrical,450,20,25,mineral wool (wired),0.0727,4300.0,843.3,80.4,104.3,burn risk (>60C)
cylindrical,450,20,50,mineral wool (wired),0.0727,4300.0,419.0,90.3,61.9,burn risk (>60C)
cylindrical,450,20,75,mineral wool (wired),0.0727,4300.0,264.8,93.8,46.5,"short-contact only (~1 s, bare metal)"
cylindrical,450,20,100,mineral wool (wired),0.0727,4300.0,188.1,95.6,38.8,"safe (prolonged contact, <=45C)"
cylindrical,450,20,125,mineral wool (wired),0.0727,4300.0,143.1,96.7,34.3,"safe (prolonged contact, <=45C)"
cylindrical,450,20,150,mineral wool (wired),0.0727,4300.0,114.1,97.3,31.4,"safe (prolonged contact, <=45C)"
cylindrical,450,30,0,none,,4200.0,4200.0,0.0,450,burn risk (>60C)
cylindrical,450,30,25,mineral wool (wired),0.074,4200.0,835.0,80.1,113.5,burn risk (>60C)
cylindrical,450,30,50,mineral wool (wired),0.074,4200.0,415.6,90.1,71.6,burn risk (>60C)
cylindrical,450,30,75,mineral wool (wired),0.074,4200.0,262.8,93.7,56.3,caution (brief touch)
cylindrical,450,30,100,mineral wool (wired),0.074,4200.0,186.7,95.6,48.7,"short-contact only (~1 s, bare metal)"
cylindrical,450,30,125,mineral wool (wired),0.074,4200.0,142.1,96.6,44.2,"safe (prolonged contact, <=45C)"
cylindrical,450,30,150,mineral wool (wired),0.074,4200.0,113.3,97.3,41.3,"safe (prolonged contact, <=45C)"
cylindrical,500,0,0,none,,5000.0,5000.0,0.0,500,burn risk (>60C)
cylindrical,500,0,25,mineral wool (wired),0.0765,5000.0,1020.8,79.6,102.1,burn risk (>60C)
cylindrical,500,0,50,mineral wool (wired),0.0765,5000.0,509.8,89.8,51.0,"short-contact only (~1 s, bare metal)"
cylindrical,500,0,75,mineral wool (wired),0.0765,5000.0,322.8,93.5,32.3,"safe (prolonged contact, <=45C)"
cylindrical,500,0,100,mineral wool (wired),0.0765,5000.0,229.4,95.4,22.9,"safe (prolonged contact, <=45C)"
cylindrical,500,0,125,mineral wool (wired),0.0765,5000.0,174.7,96.5,17.5,"safe (prolonged contact, <=45C)"
cylindrical,500,0,150,mineral wool (wired),0.0765,5000.0,139.3,97.2,13.9,"safe (prolonged contact, <=45C)"
cylindrical,500,10,0,none,,4900.0,4900.0,0.0,500,burn risk (>60C)
cylindrical,500,10,25,mineral wool (wired),0.0777,4900.0,1013.3,79.3,111.3,burn risk (>60C)
cylindrical,500,10,50,mineral wool (wired),0.0777,4900.0,506.9,89.7,60.7,burn risk (>60C)
cylindrical,500,10,75,mineral wool (wired),0.0777,4900.0,321.2,93.4,42.1,"safe (prolonged contact, <=45C)"
cylindrical,500,10,100,mineral wool (wired),0.0777,4900.0,228.3,95.3,32.8,"safe (prolonged contact, <=45C)"
cylindrical,500,10,125,mineral wool (wired),0.0777,4900.0,173.9,96.5,27.4,"safe (prolonged contact, <=45C)"
cylindrical,500,10,150,mineral wool (wired),0.0777,4900.0,138.7,97.2,23.9,"safe (prolonged contact, <=45C)"
cylindrical,500,20,0,none,,4800.0,4800.0,0.0,500,burn risk (>60C)
cylindrical,500,20,25,mineral wool (wired),0.079,4800.0,1005.3,79.1,120.5,burn risk (>60C)
cylindrical,500,20,50,mineral wool (wired),0.079,4800.0,503.7,89.5,70.4,burn risk (>60C)
cylindrical,500,20,75,mineral wool (wired),0.079,4800.0,319.3,93.3,51.9,caution (brief touch)
cylindrical,500,20,100,mineral wool (wired),0.079,4800.0,227.1,95.3,42.7,"safe (prolonged contact, <=45C)"
cylindrical,500,20,125,mineral wool (wired),0.079,4800.0,173.0,96.4,37.3,"safe (prolonged contact, <=45C)"
cylindrical,500,20,150,mineral wool (wired),0.079,4800.0,138.0,97.1,33.8,"safe (prolonged contact, <=45C)"
cylindrical,500,30,0,none,,4700.0,4700.0,0.0,500,burn risk (>60C)
cylindrical,500,30,25,mineral wool (wired),0.0803,4700.0,996.6,78.8,129.7,burn risk (>60C)
cylindrical,500,30,50,mineral wool (wired),0.0803,4700.0,500.2,89.4,80.0,burn risk (>60C)
cylindrical,500,30,75,mineral wool (wired),0.0803,4700.0,317.3,93.2,61.7,burn risk (>60C)
cylindrical,500,30,100,mineral wool (wired),0.0803,4700.0,225.7,95.2,52.6,caution (brief touch)
cylindrical,500,30,125,mineral wool (wired),0.0803,4700.0,172.0,96.3,47.2,"short-contact only (~1 s, bare metal)"
cylindrical,500,30,150,mineral wool (wired),0.0803,4700.0,137.2,97.1,43.7,"safe (prolonged contact, <=45C)"
cylindrical,550,0,0,none,,5500.0,5500.0,0.0,550,burn risk (>60C)
cylindrical,550,0,25,mineral wool (wired),0.0827,5500.0,1194.7,78.3,119.5,burn risk (>60C)
cylindrical,550,0,50,mineral wool (wired),0.0827,5500.0,601.5,89.1,60.2,burn risk (>60C)
cylindrical,550,0,75,mineral wool (wired),0.0827,5500.0,382.1,93.1,38.2,"safe (prolonged contact, <=45C)"
cylindrical,550,0,100,mineral wool (wired),0.0827,5500.0,272.0,95.1,27.2,"safe (prolonged contact, <=45C)"
cylindrical,550,0,125,mineral wool (wired),0.0827,5500.0,207.3,96.2,20.7,"safe (prolonged contact, <=45C)"
cylindrical,550,0,150,mineral wool (wired),0.0827,5500.0,165.4,97.0,16.5,"safe (prolonged contact, <=45C)"
cylindrical,550,10,0,none,,5400.0,5400.0,0.0,550,burn risk (>60C)
cylindrical,550,10,25,mineral wool (wired),0.084,5400.0,1186.8,78.0,128.7,burn risk (>60C)
cylindrical,550,10,50,mineral wool (wired),0.084,5400.0,598.5,88.9,69.9,burn risk (>60C)
cylindrical,550,10,75,mineral wool (wired),0.084,5400.0,380.4,93.0,48.0,"short-contact only (~1 s, bare metal)"
cylindrical,550,10,100,mineral wool (wired),0.084,5400.0,270.9,95.0,37.1,"safe (prolonged contact, <=45C)"
cylindrical,550,10,125,mineral wool (wired),0.084,5400.0,206.5,96.2,30.6,"safe (prolonged contact, <=45C)"
cylindrical,550,10,150,mineral wool (wired),0.084,5400.0,164.7,96.9,26.5,"safe (prolonged contact, <=45C)"
cylindrical,550,20,0,none,,5300.0,5300.0,0.0,550,burn risk (>60C)
cylindrical,550,20,25,mineral wool (wired),0.0852,5300.0,1178.3,77.8,137.8,burn risk (>60C)
cylindrical,550,20,50,mineral wool (wired),0.0852,5300.0,595.2,88.8,79.5,burn risk (>60C)
cylindrical,550,20,75,mineral wool (wired),0.0852,5300.0,378.5,92.9,57.9,caution (brief touch)
cylindrical,550,20,100,mineral wool (wired),0.0852,5300.0,269.6,94.9,47.0,"short-contact only (~1 s, bare metal)"
cylindrical,550,20,125,mineral wool (wired),0.0852,5300.0,205.5,96.1,40.6,"safe (prolonged contact, <=45C)"
cylindrical,550,20,150,mineral wool (wired),0.0852,5300.0,164.0,96.9,36.4,"safe (prolonged contact, <=45C)"
cylindrical,550,30,0,none,,5200.0,5200.0,0.0,550,burn risk (>60C)
cylindrical,550,30,25,mineral wool (wired),0.0865,5200.0,1169.2,77.5,146.9,burn risk (>60C)
cylindrical,550,30,50,mineral wool (wired),0.0865,5200.0,591.6,88.6,89.2,burn risk (>60C)
cylindrical,550,30,75,mineral wool (wired),0.0865,5200.0,376.4,92.8,67.6,burn risk (>60C)
cylindrical,550,30,100,mineral wool (wired),0.0865,5200.0,268.2,94.8,56.8,caution (brief touch)
cylindrical,550,30,125,mineral wool (wired),0.0865,5200.0,204.5,96.1,50.5,"short-contact only (~1 s, bare metal)"
cylindrical,550,30,150,mineral wool (wired),0.0865,5200.0,163.2,96.9,46.3,"short-contact only (~1 s, bare metal)"
cylindrical,600,0,0,none,,6000.0,6000.0,0.0,600,burn risk (>60C)
cylindrical,600,0,25,mineral wool (wired),0.089,6000.0,1379.1,77.0,137.9,burn risk (>60C)
cylindrical,600,0,50,mineral wool (wired),0.089,6000.0,700.0,88.3,70.0,burn risk (>60C)
cylindrical,600,0,75,mineral wool (wired),0.089,6000.0,445.9,92.6,44.6,"safe (prolonged contact, <=45C)"
cylindrical,600,0,100,mineral wool (wired),0.089,6000.0,317.9,94.7,31.8,"safe (prolonged contact, <=45C)"
cylindrical,600,0,125,mineral wool (wired),0.089,6000.0,242.5,96.0,24.3,"safe (prolonged contact, <=45C)"
cylindrical,600,0,150,mineral wool (wired),0.089,6000.0,193.6,96.8,19.4,"safe (prolonged contact, <=45C)"
cylindrical,600,10,0,none,,5900.0,5900.0,0.0,600,burn risk (>60C)
cylindrical,600,10,25,mineral wool (wired),0.0906,5900.0,1374.8,76.7,147.5,burn risk (>60C)
cylindrical,600,10,50,mineral wool (wired),0.0906,5900.0,699.2,88.1,79.9,burn risk (>60C)
cylindrical,600,10,75,mineral wool (wired),0.0906,5900.0,445.8,92.4,54.6,caution (brief touch)
cylindrical,600,10,100,mineral wool (wired),0.0906,5900.0,317.9,94.6,41.8,"safe (prolonged contact, <=45C)"
cylindrical,600,10,125,mineral wool (wired),0.0906,5900.0,242.6,95.9,34.3,"safe (prolonged contact, <=45C)"
cylindrical,600,10,150,mineral wool (wired),0.0906,5900.0,193.7,96.7,29.4,"safe (prolonged contact, <=45C)"
cylindrical,600,20,0,none,,5800.0,5800.0,0.0,600,burn risk (>60C)
cylindrical,600,20,25,mineral wool (wired),0.0922,5800.0,1369.7,76.4,157.0,burn risk (>60C)
cylindrical,600,20,50,mineral wool (wired),0.0922,5800.0,698.1,88.0,89.8,burn risk (>60C)
cylindrical,600,20,75,mineral wool (wired),0.0922,5800.0,445.4,92.3,64.5,burn risk (>60C)
cylindrical,600,20,100,mineral wool (wired),0.0922,5800.0,317.8,94.5,51.8,caution (brief touch)
cylindrical,600,20,125,mineral wool (wired),0.0922,5800.0,242.5,95.8,44.3,"safe (prolonged contact, <=45C)"
cylindrical,600,20,150,mineral wool (wired),0.0922,5800.0,193.6,96.7,39.4,"safe (prolonged contact, <=45C)"
cylindrical,600,30,0,none,,5700.0,5700.0,0.0,600,burn risk (>60C)
cylindrical,600,30,25,mineral wool (wired),0.0938,5700.0,1363.9,76.1,166.4,burn risk (>60C)
cylindrical,600,30,50,mineral wool (wired),0.0938,5700.0,696.5,87.8,99.6,burn risk (>60C)
cylindrical,600,30,75,mineral wool (wired),0.0938,5700.0,444.7,92.2,74.5,burn risk (>60C)
cylindrical,600,30,100,mineral wool (wired),0.0938,5700.0,317.4,94.4,61.7,burn risk (>60C)
cylindrical,600,30,125,mineral wool (wired),0.0938,5700.0,242.3,95.7,54.2,caution (brief touch)
cylindrical,600,30,150,mineral wool (wired),0.0938,5700.0,193.5,96.6,49.3,"short-contact only (~1 s, bare metal)"
